{"cameraMode":{"drawMode":0,"name":"Shaded","section":"Shading Mode"},"sceneLighting":false,"audioPlay":false,"sceneViewState":{"showFog":true,"showMaterialUpdate":true,"showSkybox":true,"showFlares":true,"showImageEffects":true,"showParticleSystems":true},"in2DMode":false,"pivot":{"x":-2.1164369583129885,"y":1.5319948196411133,"z":2.332129955291748},"rotation":{"x":-0.12133607268333435,"y":-0.05298218876123428,"z":0.006491055246442556,"w":-0.9911850094795227},"size":9.325289726257325,"orthographic":false}